slug,name,issuer,annual_fee,cashback,revolving_rate,cash_advance_fee,source_url,last_verified,page_url
ctbc-linepay,中信 LINE Pay卡,中國信託商業銀行,綁定 LINE Pay 終生免年費,國內 1%、國外 2.8% LINE Points,本行 ARMs 指數 ＋ 加碼利率 5.97%~13.47%，年利率上限 15%（循環利率基準日 104 年 9 月 1 日）,每筆預借金額 ×3.5% ＋ 新臺幣 150 元,https://www.ctbcbank.com/content/twrbo/zh_tw/cc_index/cc_product/cc_introduction_index/C_LINEPay.html,2026-08-25,https://cards.ampm-aiops.com/items/ctbc-linepay/
ctbc-7eleven,中國信託 7-ELEVEN聯名卡,中國信託商業銀行,首年免，次年消費6次即免,7-ELEVEN消費最高3%icash回饋。國內1%。超商繳費0.5%,本行 ARMs 指數 ＋ 加碼利率 5.97%~13.47%，年利率上限 15%（循環利率基準日 104 年 9 月 1 日）,每筆預借金額 ×3.5% ＋ 新臺幣 150 元,https://www.ctbcbank.com/content/twrbo/zh_tw/cc_index/cc_product/cc_introduction_index/C_LINEPay.html,2026-08-27,https://cards.ampm-aiops.com/items/ctbc-7eleven/
ctbc-allme,中國信託 ALL ME卡,中國信託商業銀行,"NT$1,800，首年免。終身免年費：綁電子帳單/Hami Pay/Pi拍/LINE官方帳號/自扣，任一即免",國內1%、國外2.2%現金回饋無上限。指定電信/電商最高8%、餐飲/百貨（綁Pi拍/Hami Pay）最高6%。悠遊卡交通5%,本行 ARMs 指數 ＋ 加碼利率 5.97%~13.47%，年利率上限 15%（循環利率基準日 104 年 9 月 1 日）,每筆預借金額 ×3.5% ＋ 新臺幣 150 元,https://www.ctbcbank.com/content/twrbo/zh_tw/cc_index/cc_product/cc_introduction_index/C_LINEPay.html,2026-08-27,https://cards.ampm-aiops.com/items/ctbc-allme/
ctbc-amazon,中國信託 Amazon聯名卡,中國信託商業銀行,首年免，次年消費6次即免,Amazon.com消費最高3%回饋。指定海外通路2%。國內1%無上限,本行 ARMs 指數 ＋ 加碼利率 5.97%~13.47%，年利率上限 15%（循環利率基準日 104 年 9 月 1 日）,每筆預借金額 ×3.5% ＋ 新臺幣 150 元,https://www.ctbcbank.com/content/twrbo/zh_tw/cc_index/cc_product/cc_introduction_index/C_LINEPay.html,2026-08-27,https://cards.ampm-aiops.com/items/ctbc-amazon/
ctbc-costco,中國信託 Costco 聯名卡,中國信託商業銀行,首年免，次年消費 1 次免,Costco 消費 1% 回饋金、加油 1.5%、一般 0.5%,本行 ARMs 指數 ＋ 加碼利率 5.97%~13.47%，年利率上限 15%（循環利率基準日 104 年 9 月 1 日）,每筆預借金額 ×3.5% ＋ 新臺幣 150 元,https://www.ctbcbank.com/content/twrbo/zh_tw/cc_index/cc_product/cc_introduction_index/C_LINEPay.html,2026-08-27,https://cards.ampm-aiops.com/items/ctbc-costco/
ctbc-debit,中國信託 Debit金融卡,中國信託商業銀行,免年費,國內0.2%。國外0.5%。中信帳戶搭配偶有活動,本行 ARMs 指數 ＋ 加碼利率 5.97%~13.47%，年利率上限 15%（循環利率基準日 104 年 9 月 1 日）,每筆預借金額 ×3.5% ＋ 新臺幣 150 元,https://www.ctbcbank.com/content/twrbo/zh_tw/cc_index/cc_product/cc_introduction_index/C_LINEPay.html,2026-08-27,https://cards.ampm-aiops.com/items/ctbc-debit/
ctbc-jcb,中國信託 JCB晶緻卡,中國信託商業銀行,首年免，次年消費3次即免,日本消費3%。國內1%。JCB會員專屬活動,本行 ARMs 指數 ＋ 加碼利率 5.97%~13.47%，年利率上限 15%（循環利率基準日 104 年 9 月 1 日）,每筆預借金額 ×3.5% ＋ 新臺幣 150 元,https://www.ctbcbank.com/content/twrbo/zh_tw/cc_index/cc_product/cc_introduction_index/C_LINEPay.html,2026-08-27,https://cards.ampm-aiops.com/items/ctbc-jcb/
ctbc-linepay-basic,中國信託 LINE Pay卡 一般版,中國信託商業銀行,免年費,LINE POINTS基本1%。LINE Pay消費加碼最高3%。新戶首2月5%,本行 ARMs 指數 ＋ 加碼利率 5.97%~13.47%，年利率上限 15%（循環利率基準日 104 年 9 月 1 日）,每筆預借金額 ×3.5% ＋ 新臺幣 150 元,https://www.ctbcbank.com/content/twrbo/zh_tw/cc_index/cc_product/cc_introduction_index/C_LINEPay.html,2026-08-27,https://cards.ampm-aiops.com/items/ctbc-linepay-basic/
ctbc-foodpanda,中國信託 foodpanda聯名卡,中國信託商業銀行,"NT$1,800，首年免。電子帳單/年消費6萬/12次即免",foodpanda訂餐最高10%現金回饋。國內一般消費1%無上限。國外2%。綁行動支付/網購最高3%,本行 ARMs 指數 ＋ 加碼利率 5.97%~13.47%，年利率上限 15%（循環利率基準日 104 年 9 月 1 日）,每筆預借金額 ×3.5% ＋ 新臺幣 150 元,https://www.ctbcbank.com/content/twrbo/zh_tw/cc_index/cc_product/cc_introduction_index/C_LINEPay.html,2026-08-27,https://cards.ampm-aiops.com/items/ctbc-foodpanda/
ctbc-cpc,中國信託 中油聯名卡,中國信託商業銀行,"NT$1,800，首年免。年消費6萬或12次即免",中油加油最高3%回饋（基本1%+加碼2%）。國內一般消費0.5~1%。綁自動扣繳中油加油享額外折扣。高速公路ETC通行費1%,本行 ARMs 指數 ＋ 加碼利率 5.97%~13.47%，年利率上限 15%（循環利率基準日 104 年 9 月 1 日）,每筆預借金額 ×3.5% ＋ 新臺幣 150 元,https://www.ctbcbank.com/content/twrbo/zh_tw/cc_index/cc_product/cc_introduction_index/C_LINEPay.html,2026-08-27,https://cards.ampm-aiops.com/items/ctbc-cpc/
ctbc-cht,中國信託 中華電信聯名卡,中國信託商業銀行,"白金卡NT$1,500、御璽卡NT$1,800。2025年起需年消費滿NT$6萬才免次年年費（原電子帳單終身免年費已取消）",扣繳中華電信費2% Hami Point。Hami Pay/中華電信/神腦3%（含基本1%+限時加碼2%）。國內1%、國外2% Hami Point無上限,本行 ARMs 指數 ＋ 加碼利率 5.97%~13.47%，年利率上限 15%（循環利率基準日 104 年 9 月 1 日）,每筆預借金額 ×3.5% ＋ 新臺幣 150 元,https://www.ctbcbank.com/content/twrbo/zh_tw/cc_index/cc_product/cc_introduction_index/C_LINEPay.html,2026-08-27,https://cards.ampm-aiops.com/items/ctbc-cht/
ctbc-asiamiles,中國信託 亞洲萬里通聯名卡,中國信託商業銀行,"NT$3,000，年消費12萬即免",海外每NT$15=1哩。國內每NT$25=1哩。亞洲萬里通哩程,本行 ARMs 指數 ＋ 加碼利率 5.97%~13.47%，年利率上限 15%（循環利率基準日 104 年 9 月 1 日）,每筆預借金額 ×3.5% ＋ 新臺幣 150 元,https://www.ctbcbank.com/content/twrbo/zh_tw/cc_index/cc_product/cc_introduction_index/C_LINEPay.html,2026-08-27,https://cards.ampm-aiops.com/items/ctbc-asiamiles/
ctbc-biz-travel,中國信託 商旅鈦金卡,中國信託商業銀行,"NT$3,600，年消費15萬即免",海外消費2.1%。國內1%。商務艙/飯店訂房加碼。哩程累積可兌機票,本行 ARMs 指數 ＋ 加碼利率 5.97%~13.47%，年利率上限 15%（循環利率基準日 104 年 9 月 1 日）,每筆預借金額 ×3.5% ＋ 新臺幣 150 元,https://www.ctbcbank.com/content/twrbo/zh_tw/cc_index/cc_product/cc_introduction_index/C_LINEPay.html,2026-08-27,https://cards.ampm-aiops.com/items/ctbc-biz-travel/
ctbc-shinkong,中國信託 新光三越聯名卡,中國信託商業銀行,"NT$2,000，年消費6萬即免",新光三越消費最高5%（週年慶加碼）。平日百貨2%。一般消費1%,本行 ARMs 指數 ＋ 加碼利率 5.97%~13.47%，年利率上限 15%（循環利率基準日 104 年 9 月 1 日）,每筆預借金額 ×3.5% ＋ 新臺幣 150 元,https://www.ctbcbank.com/content/twrbo/zh_tw/cc_index/cc_product/cc_introduction_index/C_LINEPay.html,2026-08-27,https://cards.ampm-aiops.com/items/ctbc-shinkong/
ctbc-cashback-signature,中國信託 現金回饋御璽卡,中國信託商業銀行,"NT$1,800，首年免年費。次年年費期間累積消費達NT$6萬即免",國內0.5%現金回饋。國外依當月國內消費分級：<2萬→0.5%、2~4萬→1%、4~10萬→1.5%、>10萬→2.5%,本行 ARMs 指數 ＋ 加碼利率 5.97%~13.47%，年利率上限 15%（循環利率基準日 104 年 9 月 1 日）,每筆預借金額 ×3.5% ＋ 新臺幣 150 元,https://www.ctbcbank.com/content/twrbo/zh_tw/cc_index/cc_product/cc_introduction_index/C_LINEPay.html,2026-08-27,https://cards.ampm-aiops.com/items/ctbc-cashback-signature/
ctbc-cashback-titanium,中國信託 現金回饋鈦金卡,中國信託商業銀行,首年免，次年消費3次即免,國內0.5%。國外0.5%。通路限制少但回饋率也低,本行 ARMs 指數 ＋ 加碼利率 5.97%~13.47%，年利率上限 15%（循環利率基準日 104 年 9 月 1 日）,每筆預借金額 ×3.5% ＋ 新臺幣 150 元,https://www.ctbcbank.com/content/twrbo/zh_tw/cc_index/cc_product/cc_introduction_index/C_LINEPay.html,2026-08-27,https://cards.ampm-aiops.com/items/ctbc-cashback-titanium/
ctbc-lol,中國信託 英雄聯盟聯名卡,中國信託商業銀行,首年免，次年消費6次即免,遊戲儲值最高5%回饋。網購3%。一般消費1%,本行 ARMs 指數 ＋ 加碼利率 5.97%~13.47%，年利率上限 15%（循環利率基準日 104 年 9 月 1 日）,每筆預借金額 ×3.5% ＋ 新臺幣 150 元,https://www.ctbcbank.com/content/twrbo/zh_tw/cc_index/cc_product/cc_introduction_index/C_LINEPay.html,2026-08-27,https://cards.ampm-aiops.com/items/ctbc-lol/
ctbc-chinaair,中國信託 華航聯名卡,中國信託商業銀行,"NT$3,000，年消費12萬即免",華航消費每NT$5=1哩。海外每NT$20=1哩。國內每NT$25=1哩,本行 ARMs 指數 ＋ 加碼利率 5.97%~13.47%，年利率上限 15%（循環利率基準日 104 年 9 月 1 日）,每筆預借金額 ×3.5% ＋ 新臺幣 150 元,https://www.ctbcbank.com/content/twrbo/zh_tw/cc_index/cc_product/cc_introduction_index/C_LINEPay.html,2026-08-27,https://cards.ampm-aiops.com/items/ctbc-chinaair/
ctbc-shopee,中國信託 蝦皮聯名卡,中國信託商業銀行,首年免，次年消費6次即免,蝦皮消費最高5%。國內1%。LINE POINTS回饋,本行 ARMs 指數 ＋ 加碼利率 5.97%~13.47%，年利率上限 15%（循環利率基準日 104 年 9 月 1 日）,每筆預借金額 ×3.5% ＋ 新臺幣 150 元,https://www.ctbcbank.com/content/twrbo/zh_tw/cc_index/cc_product/cc_introduction_index/C_LINEPay.html,2026-08-27,https://cards.ampm-aiops.com/items/ctbc-shopee/
ctbc-disney,中國信託 迪士尼聯名卡,中國信託商業銀行,首年免，次年消費6次即免,迪士尼商店/樂園消費3%。一般消費1%。迪士尼+專屬活動,本行 ARMs 指數 ＋ 加碼利率 5.97%~13.47%，年利率上限 15%（循環利率基準日 104 年 9 月 1 日）,每筆預借金額 ×3.5% ＋ 新臺幣 150 元,https://www.ctbcbank.com/content/twrbo/zh_tw/cc_index/cc_product/cc_introduction_index/C_LINEPay.html,2026-08-27,https://cards.ampm-aiops.com/items/ctbc-disney/
ctbc-infinite,中國信託 鼎極卡,中國信託商業銀行,"NT$25,000，無減免",無限卡等級，最高回饋依方案。機場貴賓室無限次。專屬秘書服務,本行 ARMs 指數 ＋ 加碼利率 5.97%~13.47%，年利率上限 15%（循環利率基準日 104 年 9 月 1 日）,每筆預借金額 ×3.5% ＋ 新臺幣 150 元,https://www.ctbcbank.com/content/twrbo/zh_tw/cc_index/cc_product/cc_introduction_index/C_LINEPay.html,2026-08-27,https://cards.ampm-aiops.com/items/ctbc-infinite/
ctbc-familymart,中國信託全家聯名卡,中國信託商業銀行,免年費,全家消費 3% 回饋金、其他 0.5%,本行 ARMs 指數 ＋ 加碼利率 5.97%~13.47%，年利率上限 15%（循環利率基準日 104 年 9 月 1 日）,每筆預借金額 ×3.5% ＋ 新臺幣 150 元,https://www.ctbcbank.com/content/twrbo/zh_tw/cc_index/cc_product/cc_introduction_index/C_LINEPay.html,2026-08-27,https://cards.ampm-aiops.com/items/ctbc-familymart/
ctbc-student,中國信託小白卡（學生版）,中國信託商業銀行,免年費,指定通路 2% LINE POINTS、一般 0.5%,本行 ARMs 指數 ＋ 加碼利率 5.97%~13.47%，年利率上限 15%（循環利率基準日 104 年 9 月 1 日）,每筆預借金額 ×3.5% ＋ 新臺幣 150 元,https://www.ctbcbank.com/content/twrbo/zh_tw/cc_index/cc_product/cc_introduction_index/C_LINEPay.html,2026-08-27,https://cards.ampm-aiops.com/items/ctbc-student/
ctbc-shinkong-mitsukoshi,中國信託新光三越聯名卡,中國信託商業銀行,首年免，次年刷滿 8 萬免,新光三越消費 5% 回饋、百貨周年慶加碼 8%、一般 0.5%,本行 ARMs 指數 ＋ 加碼利率 5.97%~13.47%，年利率上限 15%（循環利率基準日 104 年 9 月 1 日）,每筆預借金額 ×3.5% ＋ 新臺幣 150 元,https://www.ctbcbank.com/content/twrbo/zh_tw/cc_index/cc_product/cc_introduction_index/C_LINEPay.html,2026-08-27,https://cards.ampm-aiops.com/items/ctbc-shinkong-mitsukoshi/
ctbc-starbucks,中國信託星巴克聯名卡,中國信託商業銀行,"$1,200，首年免",星巴克消費享買一送一或 5% 回饋、一般消費 0.5%,本行 ARMs 指數 ＋ 加碼利率 5.97%~13.47%，年利率上限 15%（循環利率基準日 104 年 9 月 1 日）,每筆預借金額 ×3.5% ＋ 新臺幣 150 元,https://www.ctbcbank.com/content/twrbo/zh_tw/cc_index/cc_product/cc_introduction_index/C_LINEPay.html,2026-08-27,https://cards.ampm-aiops.com/items/ctbc-starbucks/
ctbc-staralliance,中國信託星空聯盟飛遊卡,中國信託商業銀行,"$2,000，刷滿 30 萬免",海外消費 $30=1 哩、國內 $50=1 哩（長榮/星空聯盟）,本行 ARMs 指數 ＋ 加碼利率 5.97%~13.47%，年利率上限 15%（循環利率基準日 104 年 9 月 1 日）,每筆預借金額 ×3.5% ＋ 新臺幣 150 元,https://www.ctbcbank.com/content/twrbo/zh_tw/cc_index/cc_product/cc_introduction_index/C_LINEPay.html,2026-08-27,https://cards.ampm-aiops.com/items/ctbc-staralliance/
ctbc-platinum,中國信託白金卡,中國信託商業銀行,首年免，次年刷滿 12 萬免,國內一般消費 0.5%、海外 1.5%,本行 ARMs 指數 ＋ 加碼利率 5.97%~13.47%，年利率上限 15%（循環利率基準日 104 年 9 月 1 日）,每筆預借金額 ×3.5% ＋ 新臺幣 150 元,https://www.ctbcbank.com/content/twrbo/zh_tw/cc_index/cc_product/cc_introduction_index/C_LINEPay.html,2026-08-27,https://cards.ampm-aiops.com/items/ctbc-platinum/
ctbc-twm,台灣大哥大 聯名卡（中信發行）,中國信託商業銀行,首年免，次年消費6次即免,台灣大帳單最高5%。myfone購物3%。國內1%,本行 ARMs 指數 ＋ 加碼利率 5.97%~13.47%，年利率上限 15%（循環利率基準日 104 年 9 月 1 日）,每筆預借金額 ×3.5% ＋ 新臺幣 150 元,https://www.ctbcbank.com/content/twrbo/zh_tw/cc_index/cc_product/cc_introduction_index/C_LINEPay.html,2026-08-27,https://cards.ampm-aiops.com/items/ctbc-twm/
fubon-costco,台北富邦 Costco聯名卡,台北富邦銀行,"NT$1,800，首年免年費。次年：年消費6萬或12次/持Costco會員/電子帳單/綁LINE/自扣，任一即免",Costco賣場內2%好多金回饋無上限。Costco線上3%。自助加油3%（加碼1%上限$200/月）。店外1%無上限。國外實體5%。好多金$1=NT$1可折Costco會費或賣場消費,指數型房貸基準利率 (I) ＋ 加碼利率 4.75%~13.91%，年利率上限 15%（循環利率基準日 115.7.1）,每筆預借現金總額 ×3.5% ＋ 新臺幣 150 元,https://www.fubon.com/banking/personal/credit_card/all_card/all_card.htm,2026-08-27,https://cards.ampm-aiops.com/items/fubon-costco/
fubon-jpoints,台北富邦 J Points卡,台北富邦銀行,首年免，次年消費3次即免,J POINTS回饋：一般1%、指定通路最高6%、新戶首3月最高10%。可1:1折抵消費,指數型房貸基準利率 (I) ＋ 加碼利率 4.75%~13.91%，年利率上限 15%（循環利率基準日 115.7.1）,每筆預借現金總額 ×3.5% ＋ 新臺幣 150 元,https://www.fubon.com/banking/personal/credit_card/all_card/all_card.htm,2026-08-27,https://cards.ampm-aiops.com/items/fubon-jpoints/
fubon-ju,台北富邦 JU卡,台北富邦銀行,"NT$1,800，首年免。次年消費3次或NT$3,000即免",J POINTS回饋：一般消費1%、指定通路最高6%、新戶首3個月最高10%。J POINTS可1:1折抵消費或兌換商品,指數型房貸基準利率 (I) ＋ 加碼利率 4.75%~13.91%，年利率上限 15%（循環利率基準日 115.7.1）,每筆預借現金總額 ×3.5% ＋ 新臺幣 150 元,https://www.fubon.com/banking/personal/credit_card/all_card/all_card.htm,2026-08-27,https://cards.ampm-aiops.com/items/fubon-ju/
fubon-j-card,台北富邦 J卡,台北富邦銀行,綁定 LINE Pay 或電子帳單免年費,日韓實體消費最高 10%,指數型房貸基準利率 (I) ＋ 加碼利率 4.75%~13.91%，年利率上限 15%（循環利率基準日 115.7.1）,每筆預借現金總額 ×3.5% ＋ 新臺幣 150 元,https://www.fubon.com/banking/personal/credit_card/all_card/all_card.htm,2026-08-25,https://cards.ampm-aiops.com/items/fubon-j-card/
fubon-sogo,台北富邦 SOGO聯名卡,台北富邦銀行,"NT$1,800，年消費6萬即免",SOGO百貨消費最高5%（週年慶期間加碼）。一般消費1%。HAPPY GO點數累積,指數型房貸基準利率 (I) ＋ 加碼利率 4.75%~13.91%，年利率上限 15%（循環利率基準日 115.7.1）,每筆預借現金總額 ×3.5% ＋ 新臺幣 150 元,https://www.fubon.com/banking/personal/credit_card/all_card/all_card.htm,2026-08-27,https://cards.ampm-aiops.com/items/fubon-sogo/
fubon-momo,台北富邦 momo聯名卡,台北富邦銀行,"NT$1,800，免年費極易達成：momo刷一筆/電子帳單/綁富邦LINE/自扣，任一即免",momo購物網消費最高3%（精選品牌最高7%）momo幣回饋無上限。店外一般消費1%無上限（2026/4/1起改現金回饋）。高鐵/臺鐵最高8%需登錄,指數型房貸基準利率 (I) ＋ 加碼利率 4.75%~13.91%，年利率上限 15%（循環利率基準日 115.7.1）,每筆預借現金總額 ×3.5% ＋ 新臺幣 150 元,https://www.fubon.com/banking/personal/credit_card/all_card/all_card.htm,2026-08-27,https://cards.ampm-aiops.com/items/fubon-momo/
fubon-cht,台北富邦 中華電信聯名卡,台北富邦銀行,首年免，次年消費3次即免,中華電信帳單3%。國內1%。Hami相關消費加碼,指數型房貸基準利率 (I) ＋ 加碼利率 4.75%~13.91%，年利率上限 15%（循環利率基準日 115.7.1）,每筆預借現金總額 ×3.5% ＋ 新臺幣 150 元,https://www.fubon.com/banking/personal/credit_card/all_card/all_card.htm,2026-08-27,https://cards.ampm-aiops.com/items/fubon-cht/
fubon-twm,台北富邦 台灣大哥大聯名卡,台北富邦銀行,"首年免，次年NT$1,800（年消費6萬或12次即免）",台灣大哥大帳單5%（月上限約NT$500）。海外/加油/網購/串流2%。國內一般1%無上限,指數型房貸基準利率 (I) ＋ 加碼利率 4.75%~13.91%，年利率上限 15%（循環利率基準日 115.7.1）,每筆預借現金總額 ×3.5% ＋ 新臺幣 150 元,https://www.fubon.com/banking/personal/credit_card/all_card/all_card.htm,2026-08-27,https://cards.ampm-aiops.com/items/fubon-twm/
fubon-breeze,台北富邦 微風聯名卡,台北富邦銀行,"NT$1,800，年消費6萬即免",微風百貨消費最高5%（週年慶加碼更高）。一般消費1%。微風超市2%,指數型房貸基準利率 (I) ＋ 加碼利率 4.75%~13.91%，年利率上限 15%（循環利率基準日 115.7.1）,每筆預借現金總額 ×3.5% ＋ 新臺幣 150 元,https://www.fubon.com/banking/personal/credit_card/all_card/all_card.htm,2026-08-27,https://cards.ampm-aiops.com/items/fubon-breeze/
fubon-digital,台北富邦 數位生活卡,台北富邦銀行,首年免，次年消費3次即免,數位通路最高6%（網購/外送/串流/行動支付）。國內一般1%。國外2%,指數型房貸基準利率 (I) ＋ 加碼利率 4.75%~13.91%，年利率上限 15%（循環利率基準日 115.7.1）,每筆預借現金總額 ×3.5% ＋ 新臺幣 150 元,https://www.fubon.com/banking/personal/credit_card/all_card/all_card.htm,2026-08-27,https://cards.ampm-aiops.com/items/fubon-digital/
fubon-oneworld,富邦寰宇一家航空卡,台北富邦銀行,"$2,000，刷滿 25 萬免",海外消費 $28=1 哩、國內 $45=1 哩（寰宇一家聯盟）,指數型房貸基準利率 (I) ＋ 加碼利率 4.75%~13.91%，年利率上限 15%（循環利率基準日 115.7.1）,每筆預借現金總額 ×3.5% ＋ 新臺幣 150 元,https://www.fubon.com/banking/personal/credit_card/all_card/all_card.htm,2026-08-27,https://cards.ampm-aiops.com/items/fubon-oneworld/
fubon-platinum,富邦白金卡,台北富邦銀行,首年免，次年消費 6 次免,一般消費 0.7% 回饋金,指數型房貸基準利率 (I) ＋ 加碼利率 4.75%~13.91%，年利率上限 15%（循環利率基準日 115.7.1）,每筆預借現金總額 ×3.5% ＋ 新臺幣 150 元,https://www.fubon.com/banking/personal/credit_card/all_card/all_card.htm,2026-08-27,https://cards.ampm-aiops.com/items/fubon-platinum/
fubon-youth,富邦財神卡（青年版）,台北富邦銀行,免年費,國內 1%、海外 2%,指數型房貸基準利率 (I) ＋ 加碼利率 4.75%~13.91%，年利率上限 15%（循環利率基準日 115.7.1）,每筆預借現金總額 ×3.5% ＋ 新臺幣 150 元,https://www.fubon.com/banking/personal/credit_card/all_card/all_card.htm,2026-08-27,https://cards.ampm-aiops.com/items/fubon-youth/
fubon-apple,富邦銀行 Apple Card,台北富邦銀行,免年費,Apple Store 3%。Apple Pay消費2%。實體卡1%,指數型房貸基準利率 (I) ＋ 加碼利率 4.75%~13.91%，年利率上限 15%（循環利率基準日 115.7.1）,每筆預借現金總額 ×3.5% ＋ 新臺幣 150 元,https://www.fubon.com/banking/personal/credit_card/all_card/all_card.htm,2026-08-27,https://cards.ampm-aiops.com/items/fubon-apple/
fubon-open,富邦銀行 OpenPossible卡,台北富邦銀行,首年免，次年消費3次即免,行動支付最高6%（Apple/Google/Samsung Pay）。國內1%。國外2%,指數型房貸基準利率 (I) ＋ 加碼利率 4.75%~13.91%，年利率上限 15%（循環利率基準日 115.7.1）,每筆預借現金總額 ×3.5% ＋ 新臺幣 150 元,https://www.fubon.com/banking/personal/credit_card/all_card/all_card.htm,2026-08-27,https://cards.ampm-aiops.com/items/fubon-open/
fubon-signature,富邦銀行 御璽卡,台北富邦銀行,"NT$3,000，年消費12萬即免",依方案最高6%。機場貴賓室2次/年。旅平險5000萬,指數型房貸基準利率 (I) ＋ 加碼利率 4.75%~13.91%，年利率上限 15%（循環利率基準日 115.7.1）,每筆預借現金總額 ×3.5% ＋ 新臺幣 150 元,https://www.fubon.com/banking/personal/credit_card/all_card/all_card.htm,2026-08-27,https://cards.ampm-aiops.com/items/fubon-signature/
fubon-infinite,富邦銀行 無限卡,台北富邦銀行,"NT$20,000+",依方案最高6%。機場貴賓室無限次。高額旅平險,指數型房貸基準利率 (I) ＋ 加碼利率 4.75%~13.91%，年利率上限 15%（循環利率基準日 115.7.1）,每筆預借現金總額 ×3.5% ＋ 新臺幣 150 元,https://www.fubon.com/banking/personal/credit_card/all_card/all_card.htm,2026-08-27,https://cards.ampm-aiops.com/items/fubon-infinite/
fubon-evaair,富邦銀行 長榮航空聯名卡,台北富邦銀行,"NT$3,000，年消費12萬即免",長榮消費每NT$5=1哩。海外每NT$20=1哩。國內每NT$30=1哩,指數型房貸基準利率 (I) ＋ 加碼利率 4.75%~13.91%，年利率上限 15%（循環利率基準日 115.7.1）,每筆預借現金總額 ×3.5% ＋ 新臺幣 150 元,https://www.fubon.com/banking/personal/credit_card/all_card/all_card.htm,2026-08-27,https://cards.ampm-aiops.com/items/fubon-evaair/
taishin-gogo-legacy,台新銀行 @GOGO卡（已停發併入Richart）,台新國際商業銀行,原年費已不適用，參考Richart卡,已停止新申辦。原有持卡人權益已併入Richart卡體系。國內最高3.8%、網購最高6%（舊制）,2.88%~15%（差別循環信用利率，一般消費及預借現金適用，依電腦評等而定，循環利率基準日 115/1/2）,預借現金金額 ×3.5% ＋ 新臺幣 150 元,https://www.taishinbank.com.tw/TSB/personal/credit/intro/overview/cg047/card001/,2026-08-27,https://cards.ampm-aiops.com/items/taishin-gogo-legacy/
taishin-flygo-legacy,台新銀行 FlyGo卡（已停發併入Richart）,台新國際商業銀行,原年費已不適用，參考Richart卡,已停止新申辦。原有持卡人權益併入Richart卡。海外最高5%、旅遊保險（舊制）,2.88%~15%（差別循環信用利率，一般消費及預借現金適用，依電腦評等而定，循環利率基準日 115/1/2）,預借現金金額 ×3.5% ＋ 新臺幣 150 元,https://www.taishinbank.com.tw/TSB/personal/credit/intro/overview/cg047/card001/,2026-08-27,https://cards.ampm-aiops.com/items/taishin-flygo-legacy/
taishin-gogoro,台新銀行 Gogoro聯名卡,台新國際商業銀行,首年免，次年消費1次即免,Gogoro資費最高10%回饋。充電站5%。一般消費1%。新戶首3月加碼,2.88%~15%（差別循環信用利率，一般消費及預借現金適用，依電腦評等而定，循環利率基準日 115/1/2）,預借現金金額 ×3.5% ＋ 新臺幣 150 元,https://www.taishinbank.com.tw/TSB/personal/credit/intro/overview/cg047/card001/,2026-09-04,https://cards.ampm-aiops.com/items/taishin-gogoro/
taishin-richart,台新銀行 Richart卡,台新國際商業銀行,"正/附卡年費NT$4,500，首年免年費，次年電子帳單/簡訊帳單可免",基本0.3%，指定通路最高10%（需綁定台新帳戶自動扣繳），新戶60天內LEVEL2最高3.8%,2.88%~15%（差別循環信用利率，一般消費及預借現金適用，依電腦評等而定，循環利率基準日 115/1/2）,預借現金金額 ×3.5% ＋ 新臺幣 150 元,https://www.taishinbank.com.tw/TSB/personal/credit/intro/overview/cg047/card001/,2026-08-27,https://cards.ampm-aiops.com/items/taishin-richart/
taishin-pxmart,台新銀行 大全聯聯名卡,台新國際商業銀行,首年免。次年消費1次即免,全聯消費最高3% PX Pay點數回饋。一般消費1%。全聯自有品牌商品加碼回饋。PX Pay綁定消費再加碼,2.88%~15%（差別循環信用利率，一般消費及預借現金適用，依電腦評等而定，循環利率基準日 115/1/2）,預借現金金額 ×3.5% ＋ 新臺幣 150 元,https://www.taishinbank.com.tw/TSB/personal/credit/intro/overview/cg047/card001/,2026-09-04,https://cards.ampm-aiops.com/items/taishin-pxmart/
taishin-sun-legacy,台新銀行 太陽卡（已停發併入Richart）,台新國際商業銀行,原年費已不適用，參考Richart卡,已停止新申辦。原有持卡人權益併入Richart卡。國內最高2%、保費1%（舊制）,2.88%~15%（差別循環信用利率，一般消費及預借現金適用，依電腦評等而定，循環利率基準日 115/1/2）,預借現金金額 ×3.5% ＋ 新臺幣 150 元,https://www.taishinbank.com.tw/TSB/personal/credit/intro/overview/cg047/card001/,2026-08-27,https://cards.ampm-aiops.com/items/taishin-sun-legacy/
taishin-pet,台新銀行 寵物認同卡,台新國際商業銀行,首年免，次年消費3次即免,寵物醫院/寵物店最高5%。一般消費1%,2.88%~15%（差別循環信用利率，一般消費及預借現金適用，依電腦評等而定，循環利率基準日 115/1/2）,預借現金金額 ×3.5% ＋ 新臺幣 150 元,https://www.taishinbank.com.tw/TSB/personal/credit/intro/overview/cg047/card001/,2026-08-27,https://cards.ampm-aiops.com/items/taishin-pet/
taishin-infinite,台新銀行 無限卡,台新國際商業銀行,"NT$20,000+",最高回饋依方案。機場貴賓室無限。頂級餐廳禮遇,2.88%~15%（差別循環信用利率，一般消費及預借現金適用，依電腦評等而定，循環利率基準日 115/1/2）,預借現金金額 ×3.5% ＋ 新臺幣 150 元,https://www.taishinbank.com.tw/TSB/personal/credit/intro/overview/cg047/card001/,2026-08-27,https://cards.ampm-aiops.com/items/taishin-infinite/
taishin-rose-legacy,台新銀行 玫瑰卡（已停發併入Richart）,台新國際商業銀行,參考Richart卡,已停止新申辦。原女性專屬卡，權益併入Richart卡,2.88%~15%（差別循環信用利率，一般消費及預借現金適用，依電腦評等而定，循環利率基準日 115/1/2）,預借現金金額 ×3.5% ＋ 新臺幣 150 元,https://www.taishinbank.com.tw/TSB/personal/credit/intro/overview/cg047/card001/,2026-08-27,https://cards.ampm-aiops.com/items/taishin-rose-legacy/
taishin-platinum,台新銀行 白金卡,台新國際商業銀行,"NT$1,800，年消費6萬即免",國內0.5%。海外1%。白金卡基本回饋,2.88%~15%（差別循環信用利率，一般消費及預借現金適用，依電腦評等而定，循環利率基準日 115/1/2）,預借現金金額 ×3.5% ＋ 新臺幣 150 元,https://www.taishinbank.com.tw/TSB/personal/credit/intro/overview/cg047/card001/,2026-08-27,https://cards.ampm-aiops.com/items/taishin-platinum/
taishin-jkopay,台新銀行 街口聯名卡,台新國際商業銀行,"約NT$3,000，申請電子帳單即免年費",國內1%街口幣無上限。精選通路最高3.5%。日本PayPay消費7.5%。線上購物（LINE Pay/Apple Pay）3%。新戶全年加碼+10%最高合計13.5%,2.88%~15%（差別循環信用利率，一般消費及預借現金適用，依電腦評等而定，循環利率基準日 115/1/2）,預借現金金額 ×3.5% ＋ 新臺幣 150 元,https://www.taishinbank.com.tw/TSB/personal/credit/intro/overview/cg047/card001/,2026-09-04,https://cards.ampm-aiops.com/items/taishin-jkopay/
taishin-jkopay-titanium,台新銀行 街口聯名卡 鈦金版,台新國際商業銀行,"NT$2,400，年消費10萬即免",街口支付最高8%。一般消費1.5%。指定通路加碼,2.88%~15%（差別循環信用利率，一般消費及預借現金適用，依電腦評等而定，循環利率基準日 115/1/2）,預借現金金額 ×3.5% ＋ 新臺幣 150 元,https://www.taishinbank.com.tw/TSB/personal/credit/intro/overview/cg047/card001/,2026-08-27,https://cards.ampm-aiops.com/items/taishin-jkopay-titanium/
taishin-young,台新銀行 青春 Young 卡,台新國際商業銀行,免年費,數位消費 2%、一般 0.5%,2.88%~15%（差別循環信用利率，一般消費及預借現金適用，依電腦評等而定，循環利率基準日 115/1/2）,預借現金金額 ×3.5% ＋ 新臺幣 150 元,https://www.taishinbank.com.tw/TSB/personal/credit/intro/overview/cg047/card001/,2026-08-27,https://cards.ampm-aiops.com/items/taishin-young/
taishin-skyteam,台新銀行天合聯盟飛卡,台新國際商業銀行,"$2,500，刷滿 36 萬免",海外消費 $25=1 哩、國內 $40=1 哩（華航/天合聯盟）,2.88%~15%（差別循環信用利率，一般消費及預借現金適用，依電腦評等而定，循環利率基準日 115/1/2）,預借現金金額 ×3.5% ＋ 新臺幣 150 元,https://www.taishinbank.com.tw/TSB/personal/credit/intro/overview/cg047/card001/,2026-08-27,https://cards.ampm-aiops.com/items/taishin-skyteam/
taishin-pet-platinum,台新銀行寵物白金卡,台新國際商業銀行,首年免，次年刷 6 次免,寵物通路 3%、動物醫院 2%、一般 0.5%,2.88%~15%（差別循環信用利率，一般消費及預借現金適用，依電腦評等而定，循環利率基準日 115/1/2）,預借現金金額 ×3.5% ＋ 新臺幣 150 元,https://www.taishinbank.com.tw/TSB/personal/credit/intro/overview/cg047/card001/,2026-08-27,https://cards.ampm-aiops.com/items/taishin-pet-platinum/
taishin-breeze,台新銀行微風聯名卡,台新國際商業銀行,$800，微風消費滿 3 萬免,微風消費 5%、微風超市 3%、一般 0.5%,2.88%~15%（差別循環信用利率，一般消費及預借現金適用，依電腦評等而定，循環利率基準日 115/1/2）,預借現金金額 ×3.5% ＋ 新臺幣 150 元,https://www.taishinbank.com.tw/TSB/personal/credit/intro/overview/cg047/card001/,2026-08-27,https://cards.ampm-aiops.com/items/taishin-breeze/
cathay-cube,國泰世華 CUBE卡,國泰世華銀行,申辦電子帳單免年費,指定通路 3% 小樹點無上限,6.75%~15%（依本行信用評分制度定期評估，循環利率基準日 104 年 9 月 1 日）,預借現金金額 ×3% ＋ 新臺幣 150 元或美元 5 元,https://www.cathay-cube.com.tw/cathaybk/personal/product/credit-card/cards/cube,2026-09-04,https://cards.ampm-aiops.com/items/cathay-cube/
cathay-koko-legacy,國泰世華 KOKO卡（已併入CUBE）,國泰世華銀行,參考CUBE卡,已停止新申辦。原有權益併入CUBE卡體系,6.75%~15%（依本行信用評分制度定期評估，循環利率基準日 104 年 9 月 1 日）,預借現金金額 ×3% ＋ 新臺幣 150 元或美元 5 元,https://www.cathay-cube.com.tw/cathaybk/personal/product/credit-card/cards/koko-icash,2026-09-04,https://cards.ampm-aiops.com/items/cathay-koko-legacy/
cathay-world,國泰世華 世界卡,國泰世華銀行,"正卡NT$20,000、附卡免年費。首年免年費需「首次申辦且近三個月平均往來資產達NT$300萬並在當月專案名單內」；次年免年費需正附卡併計年消費NT$80萬（2026/7/1起NT$60萬），年消費NT$40萬（2026/7/1起NT$30萬）只有年費5折","主權益海外消費0.9%小樹點；2026/7/1~12/31 海外累計達NT$30萬加碼2.6%、最高3.5%（每戶加碼上限7,800點）。刷保費最高1.8%。機場貴賓室須消費達檻、每戶免費上限8次",6.75%~15%（依本行信用評分制度定期評估，循環利率基準日 104 年 9 月 1 日）,預借現金金額 ×3% ＋ 新臺幣 150 元或美元 5 元,https://www.cathay-cube.com.tw/cathaybk/personal/product/credit-card/cards/world,2026-08-30,https://cards.ampm-aiops.com/items/cathay-world/
cathay-cashback-signature,國泰世華 現金回饋御璽卡,國泰世華銀行,首年免，次年消費3次即免,國內1%無上限。國外1.5%。保費0.3%,6.75%~15%（依本行信用評分制度定期評估，循環利率基準日 104 年 9 月 1 日）,預借現金金額 ×3% ＋ 新臺幣 150 元或美元 5 元,https://www.cathay-cube.com.tw/cathaybk/personal/product/credit-card/cards/cube,2026-08-27,https://cards.ampm-aiops.com/items/cathay-cashback-signature/
cathay-shopee,國泰世華 蝦皮購物聯名卡,國泰世華銀行,"首年免，次年NT$1,800（年消費3萬或6次即免）",蝦皮消費1~2%蝦幣回饋（滿3000升2%），活動期間最高26%。非蝦皮0.5%蝦幣。指定通路最高7%,6.75%~15%（依本行信用評分制度定期評估，循環利率基準日 104 年 9 月 1 日）,預借現金金額 ×3% ＋ 新臺幣 150 元或美元 5 元,https://www.cathay-cube.com.tw/cathaybk/personal/product/credit-card/cards/cube,2026-08-27,https://cards.ampm-aiops.com/items/cathay-shopee/
cathay-evaair,國泰世華 長榮航空聯名卡,國泰世華銀行,"極致無限卡NT$20,000/無限卡NT$2,400/極致御璽NT$800/御璽NT$300（首年免），均無年費減免","EVA官網機票/海外消費最佳10元=1哩（啟動倍數引擎）。一般國內消費20~30元=1哩。新戶最高50,000哩程迎新。生日月搭長榮哩程加倍",6.75%~15%（依本行信用評分制度定期評估，循環利率基準日 104 年 9 月 1 日）,預借現金金額 ×3% ＋ 新臺幣 150 元或美元 5 元,https://www.cathay-cube.com.tw/cathaybk/personal/product/credit-card/cards/cube,2026-08-27,https://cards.ampm-aiops.com/items/cathay-evaair/
cathay-dual-currency,國泰世華 雙幣卡,國泰世華銀行,"鈦金商務卡／白金卡皆NT$1,800，首年免年費，附卡免年費；次年起鈦金商務卡需正附卡併計消費滿NT$18萬、白金卡需每卡消費滿2次",海外消費最高1.5%回饋；國內消費與海外單筆US$20以下0.3%小樹點,6.75%~15%（依本行信用評分制度定期評估，循環利率基準日 104 年 9 月 1 日）,預借現金金額 ×3% ＋ 新臺幣 150 元或美元 5 元,https://www.cathay-cube.com.tw/cathaybk/personal/product/credit-card/cards/dual-currency,2026-08-30,https://cards.ampm-aiops.com/items/cathay-dual-currency/
cathay-asiamiles,國泰世華亞洲萬里通聯名卡,國泰世華銀行,"$2,000，刷滿 25 萬免",海外 $20=1 哩、國內 $30=1 哩（亞洲萬里通）,6.75%~15%（依本行信用評分制度定期評估，循環利率基準日 104 年 9 月 1 日）,預借現金金額 ×3% ＋ 新臺幣 150 元或美元 5 元,https://www.cathay-cube.com.tw/cathaybk/personal/product/credit-card/cards/cube,2026-08-27,https://cards.ampm-aiops.com/items/cathay-asiamiles/
sinopac-dawho,永豐 大戶DAWHO卡,永豐銀行,電子帳單免年費,國內 2% / 國外 3% / 七大通路 7%,5%~15%（循環利率基準日 2023/3/3）,預借現金金額 ×3.5% ＋ 指定金額（新臺幣 100 元／美元 3.5 元／日圓 350 元／歐元 3 元）,https://bank.sinopac.com/sinopacBT/personal/credit-card/introduction/bankcard/DAWHO.html,2026-09-04,https://cards.ampm-aiops.com/items/sinopac-dawho/
sinopac-dawho-cashback,永豐銀行 DAWHO現金回饋卡,永豐銀行,免年費,國內2%（綁DAWHO帳戶自扣+數位通路）。國外3%。一般國內1%。新戶首2月最高8%,5%~15%（循環利率基準日 2023/3/3）,預借現金金額 ×3.5% ＋ 指定金額（新臺幣 100 元／美元 3.5 元／日圓 350 元／歐元 3 元）,https://bank.sinopac.com/sinopacBT/personal/credit-card/introduction/bankcard/DAWHO.html,2026-09-04,https://cards.ampm-aiops.com/items/sinopac-dawho-cashback/
sinopac-sport,永豐銀行 SPORT卡,永豐銀行,"NT$3,000，首年免。電子帳單+取消實體帳單即終身免年費，或年消費36,000/12次",國內基本1%豐點無上限。行動支付/運動健身/醫藥保健通路最高5%。新戶指定行動支付最高25%（核卡45日內上限NT$500刷卡金）,5%~15%（循環利率基準日 2023/3/3）,預借現金金額 ×3.5% ＋ 指定金額（新臺幣 100 元／美元 3.5 元／日圓 350 元／歐元 3 元）,https://bank.sinopac.com/sinopacBT/personal/credit-card/introduction/bankcard/DAWHO.html,2026-09-04,https://cards.ampm-aiops.com/items/sinopac-sport/
sinopac-sport-signature,永豐銀行 Sport卡 御璽版,永豐銀行,"NT$3,000，年消費12萬即免",運動通路最高8%。行動支付3%。國外3%。一般國內1%,5%~15%（循環利率基準日 2023/3/3）,預借現金金額 ×3.5% ＋ 指定金額（新臺幣 100 元／美元 3.5 元／日圓 350 元／歐元 3 元）,https://bank.sinopac.com/sinopacBT/personal/credit-card/introduction/bankcard/DAWHO.html,2026-09-04,https://cards.ampm-aiops.com/items/sinopac-sport-signature/
sinopac-insurance,永豐銀行 保倍卡,永豐銀行,免年費,保費消費最高2%回饋（同業最高之一）。國內1%。國外2%,5%~15%（循環利率基準日 2023/3/3）,預借現金金額 ×3.5% ＋ 指定金額（新臺幣 100 元／美元 3.5 元／日圓 350 元／歐元 3 元）,https://bank.sinopac.com/sinopacBT/personal/credit-card/introduction/bankcard/DAWHO.html,2026-09-04,https://cards.ampm-aiops.com/items/sinopac-insurance/
sinopac-dual-currency,永豐銀行 幣倍卡,永豐銀行,,,5%~15%（循環利率基準日 2023/3/3）,預借現金金額 ×3.5% ＋ 指定金額（新臺幣 100 元／美元 3.5 元／日圓 350 元／歐元 3 元）,https://bank.sinopac.com/sinopacBT/personal/credit-card/introduction/bankcard/DAWHO.html,2026-09-04,https://cards.ampm-aiops.com/items/sinopac-dual-currency/
sinopac-beibi,永豐銀行 幣倍卡,永豐銀行,,,5%~15%（循環利率基準日 2023/3/3）,預借現金金額 ×3.5% ＋ 指定金額（新臺幣 100 元／美元 3.5 元／日圓 350 元／歐元 3 元）,https://bank.sinopac.com/sinopacBT/personal/credit-card/introduction/bankcard/DAWHO.html,2026-09-04,https://cards.ampm-aiops.com/items/sinopac-beibi/
sinopac-jcb-cashback,永豐銀行 現金回饋JCB卡,永豐銀行,免年費,日本JCB通路3%。國內1%。亞洲地區1.5%,5%~15%（循環利率基準日 2023/3/3）,預借現金金額 ×3.5% ＋ 指定金額（新臺幣 100 元／美元 3.5 元／日圓 350 元／歐元 3 元）,https://bank.sinopac.com/sinopacBT/personal/credit-card/introduction/bankcard/DAWHO.html,2026-09-04,https://cards.ampm-aiops.com/items/sinopac-jcb-cashback/
sinopac-dawho-debit,永豐銀行大戶簽帳金融卡,永豐銀行,免年費（簽帳金融卡）,國內 2% 現金回饋（大戶等級）、海外 3%,5%~15%（循環利率基準日 2023/3/3）,預借現金金額 ×3.5% ＋ 指定金額（新臺幣 100 元／美元 3.5 元／日圓 350 元／歐元 3 元）,https://bank.sinopac.com/sinopacBT/personal/credit-card/introduction/bankcard/DAWHO.html,2026-09-04,https://cards.ampm-aiops.com/items/sinopac-dawho-debit/
sinopac-sport-world,永豐銀行運動世界卡,永豐銀行,首年免，次年刷 6 次免,運動消費 3%（健身房/運動品牌）、一般 0.5%,5%~15%（循環利率基準日 2023/3/3）,預借現金金額 ×3.5% ＋ 指定金額（新臺幣 100 元／美元 3.5 元／日圓 350 元／歐元 3 元）,https://bank.sinopac.com/sinopacBT/personal/credit-card/introduction/bankcard/DAWHO.html,2026-08-27,https://cards.ampm-aiops.com/items/sinopac-sport-world/
esun-unicard,玉山 Unicard,玉山銀行,綁定玉山錢包免年費,百大特店最高 5% e point,5.88%~15%（依本行電腦評等而訂，循環利率基準日 2015/9/1）,預借現金金額 ×3.5% ＋（新臺幣 150 元／美元 5 元／日圓 550 元／歐元 4 元），依預借現金約定結付幣別區分,https://event.esunbank.com.tw/credit/unicard/index.html,2026-09-04,https://cards.ampm-aiops.com/items/esun-unicard/
esun-debit,玉山銀行 Debit金融卡,玉山銀行,免年費（金融卡）,國內0.3%。國外0.8%。部分活動加碼。iLEO帳戶搭配更優,5.88%~15%（依本行電腦評等而訂，循環利率基準日 2015/9/1）,預借現金金額 ×3.5% ＋（新臺幣 150 元／美元 5 元／日圓 550 元／歐元 4 元），依預借現金約定結付幣別區分,https://event.esunbank.com.tw/credit/ubear/card.html,2026-08-27,https://cards.ampm-aiops.com/items/esun-debit/
esun-ikea,玉山銀行 IKEA 聯名卡,玉山銀行,首年免，次年刷滿 6 萬免,IKEA 消費 5% 回饋、居家通路 3%、一般 0.5%,5.88%~15%（依本行電腦評等而訂，循環利率基準日 2015/9/1）,預借現金金額 ×3.5% ＋（新臺幣 150 元／美元 5 元／日圓 550 元／歐元 4 元），依預借現金約定結付幣別區分,https://event.esunbank.com.tw/credit/ubear/card.html,2026-08-27,https://cards.ampm-aiops.com/items/esun-ikea/
esun-only,玉山銀行 Only卡,玉山銀行,"NT$3,000，首年免年費。次年：自扣+電子帳單/年消費滿NT$15萬/12次即免",會員最高3.2%回饋（含基本+會員等級加碼）。美日韓泰實體消費最高5%。回饋為Only點可折帳單或兌換哩程。海外實體2.8%,5.88%~15%（依本行電腦評等而訂，循環利率基準日 2015/9/1）,預借現金金額 ×3.5% ＋（新臺幣 150 元／美元 5 元／日圓 550 元／歐元 4 元），依預借現金約定結付幣別區分,https://event.esunbank.com.tw/credit/ubear/card.html,2026-08-27,https://cards.ampm-aiops.com/items/esun-only/
esun-only-signature,玉山銀行 Only卡（御璽版）,玉山銀行,"NT$3,000，年消費15萬即免",海外最高5%（指定地區）。國內1%。哩程累積可兌換機票,5.88%~15%（依本行電腦評等而訂，循環利率基準日 2015/9/1）,預借現金金額 ×3.5% ＋（新臺幣 150 元／美元 5 元／日圓 550 元／歐元 4 元），依預借現金約定結付幣別區分,https://event.esunbank.com.tw/credit/ubear/card.html,2026-08-27,https://cards.ampm-aiops.com/items/esun-only-signature/
esun-pi,玉山銀行 Pi拍錢包信用卡,玉山銀行,"NT$3,000，首年免。次年有任何消費即免（等同終身免年費）",國內1% P幣無上限。Pi拍指定通路最高5%。PChome 24h 4%。海外最高3%。保費1.2%無上限。全家便利商店活動期5%,5.88%~15%（依本行電腦評等而訂，循環利率基準日 2015/9/1）,預借現金金額 ×3.5% ＋（新臺幣 150 元／美元 5 元／日圓 550 元／歐元 4 元），依預借現金約定結付幣別區分,https://event.esunbank.com.tw/credit/ubear/card.html,2026-08-27,https://cards.ampm-aiops.com/items/esun-pi/
esun-pi-signature,玉山銀行 Pi錢包信用卡 御璽版,玉山銀行,"NT$3,000，年消費12萬即免",Pi錢包消費最高5%P幣。國內1.5%。國外2.5%,5.88%~15%（依本行電腦評等而訂，循環利率基準日 2015/9/1）,預借現金金額 ×3.5% ＋（新臺幣 150 元／美元 5 元／日圓 550 元／歐元 4 元），依預借現金約定結付幣別區分,https://event.esunbank.com.tw/credit/ubear/card.html,2026-08-27,https://cards.ampm-aiops.com/items/esun-pi-signature/
esun-share,玉山銀行 Share卡,玉山銀行,首年免，次年消費3次即免,指定通路最高5%（外送/串流/訂閱）。國內1%。國外2.5%。新戶首3月加碼,5.88%~15%（依本行電腦評等而訂，循環利率基準日 2015/9/1）,預借現金金額 ×3.5% ＋（新臺幣 150 元／美元 5 元／日圓 550 元／歐元 4 元），依預借現金約定結付幣別區分,https://event.esunbank.com.tw/credit/ubear/card.html,2026-08-27,https://cards.ampm-aiops.com/items/esun-share/
esun-ubear-student,玉山銀行 U Bear 學生卡,玉山銀行,免年費,網購 3%、超商 3%、一般 0.5%,5.88%~15%（依本行電腦評等而訂，循環利率基準日 2015/9/1）,預借現金金額 ×3.5% ＋（新臺幣 150 元／美元 5 元／日圓 550 元／歐元 4 元），依預借現金約定結付幣別區分,https://event.esunbank.com.tw/credit/ubear/card.html,2026-08-27,https://cards.ampm-aiops.com/items/esun-ubear-student/
esun-ubear,玉山銀行 U Bear信用卡,玉山銀行,"NT$1,500，首年免。次年消費3次即免",指定網購通路最高5%回饋（momo/蝦皮/PChome等）。一般消費1%。海外消費2.5%。行動支付加碼,5.88%～15%（依玉山銀行電腦評等而訂，官方頁面標示基準日 2015-09-01）,預借現金金額×3.5%＋(新臺幣150元／5美元／550日圓／4歐元),https://event.esunbank.com.tw/credit/ubear/card.html,2026-08-27,https://cards.ampm-aiops.com/items/esun-ubear/
esun-world,玉山銀行 世界卡,玉山銀行,"NT$8,000，年消費30萬即免",全球消費2%無上限。機場貴賓室4次/年。哩程累積加速,5.88%~15%（依本行電腦評等而訂，循環利率基準日 2015/9/1）,預借現金金額 ×3.5% ＋（新臺幣 150 元／美元 5 元／日圓 550 元／歐元 4 元），依預借現金約定結付幣別區分,https://event.esunbank.com.tw/credit/ubear/card.html,2026-09-04,https://cards.ampm-aiops.com/items/esun-world/
esun-carrefour,玉山銀行 家樂福聯名卡,玉山銀行,"一般卡免年費（有消費即可），鈦金卡NT$3,000（年消費即免）",家樂福店內消費最高8%（需滿NT$499+綁錢包，日上限NT$40折價券）。每NT$1送2點家樂福點數,5.88%~15%（依本行電腦評等而訂，循環利率基準日 2015/9/1）,預借現金金額 ×3.5% ＋（新臺幣 150 元／美元 5 元／日圓 550 元／歐元 4 元），依預借現金約定結付幣別區分,https://event.esunbank.com.tw/credit/ubear/card.html,2026-08-27,https://cards.ampm-aiops.com/items/esun-carrefour/
esun-signature,玉山銀行 御璽卡,玉山銀行,"NT$3,000，年消費12萬即免",依方案最高5%。機場貴賓室2次/年。哩程累積加速,5.88%~15%（依本行電腦評等而訂，循環利率基準日 2015/9/1）,預借現金金額 ×3.5% ＋（新臺幣 150 元／美元 5 元／日圓 550 元／歐元 4 元），依預借現金約定結付幣別區分,https://event.esunbank.com.tw/credit/ubear/card.html,2026-09-04,https://cards.ampm-aiops.com/items/esun-signature/
esun-starbucks,玉山銀行 星巴克聯名卡,玉山銀行,"NT$1,500，年消費6萬即免",星巴克消費最高8%回饋（含星禮程金星會員加碼）。一般消費1%,5.88%~15%（依本行電腦評等而訂，循環利率基準日 2015/9/1）,預借現金金額 ×3.5% ＋（新臺幣 150 元／美元 5 元／日圓 550 元／歐元 4 元），依預借現金約定結付幣別區分,https://event.esunbank.com.tw/credit/ubear/card.html,2026-08-27,https://cards.ampm-aiops.com/items/esun-starbucks/
esun-infinite,玉山銀行 無限卡,玉山銀行,"NT$20,000+",最高5%回饋。機場貴賓室無限次。哩程累積加速,5.88%~15%（依本行電腦評等而訂，循環利率基準日 2015/9/1）,預借現金金額 ×3.5% ＋（新臺幣 150 元／美元 5 元／日圓 550 元／歐元 4 元），依預借現金約定結付幣別區分,https://event.esunbank.com.tw/credit/ubear/card.html,2026-09-04,https://cards.ampm-aiops.com/items/esun-infinite/
esun-kumamon,玉山銀行 熊本熊聯名卡,玉山銀行,首年免，次年消費3次即免,日本消費最高5%。國內1%。海外2.5%。新戶首3月加碼,5.88%~15%（依本行電腦評等而訂，循環利率基準日 2015/9/1）,預借現金金額 ×3.5% ＋（新臺幣 150 元／美元 5 元／日圓 550 元／歐元 4 元），依預借現金約定結付幣別區分,https://event.esunbank.com.tw/credit/ubear/card.html,2026-08-27,https://cards.ampm-aiops.com/items/esun-kumamon/
esun-evaair,玉山銀行 長榮航空聯名卡,玉山銀行,"NT$3,000，年消費12萬即免",長榮消費每NT$5=1哩（頂級）。海外每NT$20=1哩。國內每NT$25=1哩,5.88%~15%（依本行電腦評等而訂，循環利率基準日 2015/9/1）,預借現金金額 ×3.5% ＋（新臺幣 150 元／美元 5 元／日圓 550 元／歐元 4 元），依預借現金約定結付幣別區分,https://event.esunbank.com.tw/credit/ubear/card.html,2026-08-27,https://cards.ampm-aiops.com/items/esun-evaair/
esun-cpc,玉山銀行中油聯名卡,玉山銀行,首年免，次年刷滿 5 萬免,中油加油 2.5% 回饋、一般 0.5%,5.88%~15%（依本行電腦評等而訂，循環利率基準日 2015/9/1）,預借現金金額 ×3.5% ＋（新臺幣 150 元／美元 5 元／日圓 550 元／歐元 4 元），依預借現金約定結付幣別區分,https://event.esunbank.com.tw/credit/ubear/card.html,2026-08-27,https://cards.ampm-aiops.com/items/esun-cpc/
esun-platinum,玉山銀行白金卡,玉山銀行,首年免，次年刷滿 8 萬免,一般消費 0.5% 紅利點數,5.88%~15%（依本行電腦評等而訂，循環利率基準日 2015/9/1）,預借現金金額 ×3.5% ＋（新臺幣 150 元／美元 5 元／日圓 550 元／歐元 4 元），依預借現金約定結付幣別區分,https://event.esunbank.com.tw/credit/ubear/card.html,2026-09-04,https://cards.ampm-aiops.com/items/esun-platinum/
